[
  {
    "label": 1,
    "x": 52.373,
    "y": 18.548,
    "ms": 22.387
  },
  {
    "label": 1,
    "x": 52.744,
    "y": 21.838,
    "ms": 21.521
  },
  {
    "label": 2,
    "x": 62.050,
    "y": 59.542,
    "ms": 19.312
  },
  {
    "label": 3,
    "x": 60.561,
    "y": 58.677,
    "ms": 19.020
  },
  {
    "label": 4,
    "x": 58.016,
    "y": 46.033,
    "ms": 17.668
  },
  {
    "label": 5,
    "x": 63.559,
    "y": 47.252,
    "ms": 18.849
  },
  {
    "label": 6,
    "x": 38.262,
    "y": 24.719,
    "ms": 21.195
  },
  {
    "label": 1,
    "x": 63.782,
    "y": 61.878,
    "ms": 42.391
  },
  {
    "label": 1,
    "x": 63.869,
    "y": 62.031,
    "ms": 47.335
  },
  {
    "label": 2,
    "x": 64.260,
    "y": 52.320,
    "ms": 43.477
  },
  {
    "label": 3,
    "x": 25.853,
    "y": 10.440,
    "ms": 42.319
  },
  {
    "label": 4,
    "x": 63.097,
    "y": 61.944,
    "ms": 41.690
  },
  {
    "label": 5,
    "x": 59.809,
    "y": 46.338,
    "ms": 42.967
  },
  {
    "label": 1,
    "x": 61.406,
    "y": 19.895,
    "ms": 44.896
  },
  {
    "label": 1,
    "x": 59.990,
    "y": 24.359,
    "ms": 43.751
  },
  {
    "label": 2,
    "x": 60.714,
    "y": 58.380,
    "ms": 44.061
  },
  {
    "label": 3,
    "x": 60.826,
    "y": 58.422,
    "ms": 42.926
  },
  {
    "label": 1,
    "x": 36.193,
    "y": 19.461,
    "ms": 45.935
  },
  {
    "label": 2,
    "x": 62.160,
    "y": 34.037,
    "ms": 44.560
  },
  {
    "label": 3,
    "x": 68.503,
    "y": 32.750,
    "ms": 45.465
  },
  {
    "label": 4,
    "x": 35.788,
    "y": 7.911,
    "ms": 44.474
  },
  {
    "label": 1,
    "x": 89.879,
    "y": 41.425,
    "ms": 46.690
  },
  {
    "label": 2,
    "x": 62.121,
    "y": 60.053,
    "ms": 44.460
  },
  {
    "label": 3,
    "x": 89.474,
    "y": 38.543,
    "ms": 44.881
  },
  {
    "label": 4,
    "x": 89.215,
    "y": 43.439,
    "ms": 44.912
  },
  {
    "label": 1,
    "x": 58.111,
    "y": 48.643,
    "ms": 43.306
  },
  {
    "label": 2,
    "x": 62.365,
    "y": 60.483,
    "ms": 43.939
  },
  {
    "label": 3,
    "x": 51.900,
    "y": 45.840,
    "ms": 43.359
  },
  {
    "label": 4,
    "x": 62.780,
    "y": 59.412,
    "ms": 45.024
  },
  {
    "label": 5,
    "x": 60.388,
    "y": 59.885,
    "ms": 44.907
  },
  {
    "label": 1,
    "x": 59.879,
    "y": 59.680,
    "ms": 45.221,
    "frames_used": 3
  },
  {
    "label": 2,
    "x": 59.924,
    "y": 34.023,
    "ms": 42.304,
    "frames_used": 3
  },
  {
    "label": 3,
    "x": 61.904,
    "y": 58.826,
    "ms": 42.134,
    "frames_used": 3
  },
  {
    "label": 1,
    "x": 60.039,
    "y": 58.515,
    "ms": 40.012,
    "frames_used": 3
  },
  {
    "label": 1,
    "x": 60.093,
    "y": 58.413,
    "ms": 40.918,
    "frames_used": 3
  },
  {
    "label": 1,
    "x": 25.943,
    "y": 17.521,
    "ms": 38.798,
    "frames_used": 3
  },
  {
    "label": 2,
    "x": 50.470,
    "y": 39.205,
    "ms": 35.452,
    "frames_used": 3
  },
  {
    "label": 1,
    "x": 59.676,
    "y": 44.852,
    "ms": 43.678,
    "frames_used": 3
  },
  {
    "label": 1,
    "x": 184.695,
    "y": 10.908,
    "ms": 36.545,
    "frames_used": 3
  },
  {
    "label": 2,
    "x": 43.247,
    "y": 38.512,
    "ms": 36.397,
    "frames_used": 3
  },
  {
    "label": 3,
    "x": 49.623,
    "y": 49.172,
    "ms": 38.556,
    "frames_used": 3
  },
  {
    "label": 1,
    "x": 50.340,
    "y": 49.885,
    "ms": 35.535,
    "frames_used": 3
  },
  {
    "label": 2,
    "x": 59.916,
    "y": 31.497,
    "ms": 35.102,
    "frames_used": 3
  },
  {
    "label": 3,
    "x": 94.784,
    "y": 65.923,
    "ms": 35.307,
    "frames_used": 3
  },
  {
    "label": 4,
    "x": 60.336,
    "y": 58.434,
    "ms": 38.990,
    "frames_used": 3
  },
  {
    "label": 1,
    "x": 86.190,
    "y": 38.584,
    "ms": 42.213,
    "frames_used": 3
  },
  {
    "label": 2,
    "x": 66.528,
    "y": 36.794,
    "ms": 35.515,
    "frames_used": 3
  },
  {
    "time_kst": "2026-01-30 09:45:31.223+09:00",
    "x": 59.657,
    "y": 59.499,
    "ms": 35.289,
    "type": "TOP"
  },
  {
    "time_kst": "2026-01-30 09:45:37.011+09:00",
    "x": 59.703,
    "y": 59.415,
    "ms": 34.078,
    "type": "TOP"
  },
  {
    "time_kst": "2026-01-30 09:47:25.270+09:00",
    "x": 59.809,
    "y": 59.421,
    "ms": 41.364,
    "type": "TOP"
  },
  {
    "time_kst": "2026-01-30 09:53:30.112+09:00",
    "x": 64.297,
    "y": 58.762,
    "ms": 34.031,
    "type": "BASE"
  },
  {
    "time_kst": "2026-01-30 09:54:18.117+09:00",
    "x": 63.750,
    "y": 58.770,
    "ms": 34.018,
    "type": "BASE"
  },
  {
    "time_kst": "2026-01-30 09:57:25.094+09:00",
    "x": 61.329,
    "y": 58.760,
    "ms": 35.424,
    "type": "TOP"
  },
  {
    "time_kst": "2026-01-30 09:57:34.072+09:00",
    "x": 60.846,
    "y": 58.813,
    "ms": 34.788,
    "type": "TOP"
  },
  {
    "time_kst": "2026-01-30 09:59:38.253+09:00",
    "x": 61.133,
    "y": 58.758,
    "ms": 36.037,
    "type": "TOP"
  },
  {
    "time_kst": "2026-01-30 09:59:47.249+09:00",
    "x": 61.090,
    "y": 58.810,
    "ms": 35.707,
    "type": "TOP"
  },
  {
    "time_kst": "2026-01-30 10:03:00.209+09:00",
    "x": 60.945,
    "y": 58.768,
    "ms": 35.430,
    "type": "TOP"
  },
  {
    "time_kst": "2026-01-30 10:03:24.214+09:00",
    "x": 61.687,
    "y": 58.770,
    "ms": 34.809,
    "type": "TOP"
  },
  {
    "time_kst": "2026-01-30 10:03:38.216+09:00",
    "x": 61.121,
    "y": 58.768,
    "ms": 35.494,
    "type": "TOP"
  },
  {
    "time_kst": "2026-01-30 10:04:16.118+09:00",
    "x": 61.146,
    "y": 58.773,
    "ms": 45.756,
    "type": "TOP"
  },
  {
    "time_kst": "2026-01-30 10:04:39.104+09:00",
    "x": 61.558,
    "y": 58.787,
    "ms": 35.241,
    "type": "TOP"
  },
  {
    "time_kst": "2026-01-30 10:04:54.101+09:00",
    "x": 61.097,
    "y": 58.758,
    "ms": 34.523,
    "type": "TOP"
  },
  {
    "time_kst": "2026-01-30 10:06:35.077+09:00",
    "x": 61.650,
    "y": 58.790,
    "ms": 34.390,
    "type": "TOP"
  },
  {
    "time_kst": "2026-01-30 10:06:59.084+09:00",
    "x": 61.157,
    "y": 58.743,
    "ms": 40.346,
    "type": "TOP"
  },
  {
    "time_kst": "2026-01-30 10:07:13.081+09:00",
    "x": 61.097,
    "y": 58.778,
    "ms": 35.672,
    "type": "TOP"
  },
  {
    "time_kst": "2026-01-30 10:07:37.077+09:00",
    "x": 61.187,
    "y": 58.750,
    "ms": 34.111,
    "type": "TOP"
  },
  {
    "time_kst": "2026-01-30 10:07:51.072+09:00",
    "x": 61.199,
    "y": 58.716,
    "ms": 36.214,
    "type": "TOP"
  },
  {
    "time_kst": "2026-01-30 10:08:15.065+09:00",
    "x": 61.555,
    "y": 58.730,
    "ms": 35.784,
    "type": "TOP"
  },
  {
    "time_kst": "2026-01-30 10:08:29.266+09:00",
    "x": 60.987,
    "y": 58.753,
    "ms": 35.347,
    "type": "TOP"
  },
  {
    "time_kst": "2026-01-30 10:10:20.242+09:00",
    "x": 60.997,
    "y": 58.759,
    "ms": 37.480,
    "type": "TOP"
  },
  {
    "time_kst": "2026-01-30 10:10:44.244+09:00",
    "x": 61.337,
    "y": 58.787,
    "ms": 40.558,
    "type": "TOP"
  },
  {
    "time_kst": "2026-01-30 10:10:58.243+09:00",
    "x": 61.169,
    "y": 58.801,
    "ms": 37.495,
    "type": "TOP"
  },
  {
    "time_kst": "2026-01-30 10:11:22.245+09:00",
    "x": 61.087,
    "y": 58.769,
    "ms": 39.485,
    "type": "TOP"
  },
  {
    "time_kst": "2026-01-30 10:11:36.255+09:00",
    "x": 61.618,
    "y": 58.787,
    "ms": 43.483,
    "type": "TOP"
  },
  {
    "time_kst": "2026-01-30 10:11:59.230+09:00",
    "x": 61.309,
    "y": 58.759,
    "ms": 33.930,
    "type": "TOP"
  },
  {
    "time_kst": "2026-01-30 10:12:13.228+09:00",
    "x": 62.307,
    "y": 58.750,
    "ms": 39.010,
    "type": "TOP"
  },
  {
    "time_kst": "2026-01-30 10:12:37.216+09:00",
    "x": 61.204,
    "y": 58.711,
    "ms": 36.696,
    "type": "TOP"
  },
  {
    "time_kst": "2026-01-30 10:12:51.216+09:00",
    "x": 60.899,
    "y": 58.805,
    "ms": 38.570,
    "type": "TOP"
  },
  {
    "time_kst": "2026-01-30 10:23:55.200+09:00",
    "x": 62.718,
    "y": 58.772,
    "ms": 28.503,
    "type": "TOP"
  },
  {
    "time_kst": "2026-01-30 10:24:19.202+09:00",
    "x": 62.074,
    "y": 58.792,
    "ms": 31.273,
    "type": "TOP"
  },
  {
    "time_kst": "2026-01-30 10:24:33.202+09:00",
    "x": 61.900,
    "y": 58.776,
    "ms": 29.405,
    "type": "TOP"
  },
  {
    "time_kst": "2026-01-30 10:24:57.231+09:00",
    "x": 63.247,
    "y": 58.825,
    "ms": 38.691,
    "type": "BASE"
  },
  {
    "time_kst": "2026-01-30 10:25:11.339+09:00",
    "x": 62.774,
    "y": 58.805,
    "ms": 93.121,
    "type": "TOP"
  },
  {
    "time_kst": "2026-01-30 10:25:35.202+09:00",
    "x": 62.108,
    "y": 58.781,
    "ms": 36.294,
    "type": "TOP"
  },
  {
    "time_kst": "2026-01-30 10:25:49.189+09:00",
    "x": 62.600,
    "y": 58.815,
    "ms": 32.932,
    "type": "TOP"
  },
  {
    "time_kst": "2026-01-30 10:26:13.173+09:00",
    "x": 61.401,
    "y": 58.779,
    "ms": 29.519,
    "type": "TOP"
  },
  {
    "time_kst": "2026-01-30 10:26:27.184+09:00",
    "x": 62.180,
    "y": 58.789,
    "ms": 29.609,
    "type": "TOP"
  },
  {
    "time_kst": "2026-01-30 10:26:51.178+09:00",
    "x": 61.348,
    "y": 58.781,
    "ms": 32.155,
    "type": "TOP"
  },
  {
    "time_kst": "2026-01-30 10:28:44.693+09:00",
    "x": 61.027,
    "y": 58.811,
    "ms": 28.638,
    "type": "TOP"
  },
  {
    "time_kst": "2026-01-30 10:28:58.688+09:00",
    "x": 60.868,
    "y": 58.741,
    "ms": 34.312,
    "type": "TOP"
  },
  {
    "time_kst": "2026-01-30 10:29:08.678+09:00",
    "x": 61.116,
    "y": 58.783,
    "ms": 28.277,
    "type": "TOP"
  },
  {
    "time_kst": "2026-01-30 10:29:20.679+09:00",
    "x": 87.339,
    "y": 45.240,
    "ms": 32.028,
    "type": "BASE"
  },
  {
    "time_kst": "2026-01-30 10:29:25.678+09:00",
    "x": 87.397,
    "y": 45.405,
    "ms": 28.357,
    "type": "BASE"
  },
  {
    "time_kst": "2026-01-30 10:29:48.687+09:00",
    "x": 87.252,
    "y": 45.340,
    "ms": 29.634,
    "type": "BASE"
  },
  {
    "time_kst": "2026-01-30 10:29:55.664+09:00",
    "x": 87.339,
    "y": 45.622,
    "ms": 28.728,
    "type": "BASE"
  },
  {
    "time_kst": "2026-01-30 10:30:02.679+09:00",
    "x": 87.331,
    "y": 45.389,
    "ms": 28.018,
    "type": "BASE"
  },
  {
    "time_kst": "2026-01-30 10:30:07.685+09:00",
    "x": 87.330,
    "y": 45.529,
    "ms": 29.121,
    "type": "BASE"
  },
  {
    "time_kst": "2026-01-30 10:30:15.674+09:00",
    "x": 87.306,
    "y": 45.309,
    "ms": 32.846,
    "type": "BASE"
  },
  {
    "time_kst": "2026-01-30 10:30:26.682+09:00",
    "x": 87.340,
    "y": 45.338,
    "ms": 38.478,
    "type": "BASE"
  },
  {
    "time_kst": "2026-01-30 10:30:33.675+09:00",
    "x": 87.436,
    "y": 45.242,
    "ms": 29.935,
    "type": "BASE"
  },
  {
    "time_kst": "2026-01-30 10:30:39.666+09:00",
    "x": 87.184,
    "y": 45.281,
    "ms": 28.963,
    "type": "BASE"
  },
  {
    "time_kst": "2026-01-30 10:30:45.688+09:00",
    "x": 87.446,
    "y": 45.234,
    "ms": 36.388,
    "type": "BASE"
  },
  {
    "time_kst": "2026-01-30 10:31:03.649+09:00",
    "x": 87.280,
    "y": 45.281,
    "ms": 29.233,
    "type": "BASE"
  },
  {
    "time_kst": "2026-01-30 10:31:17.660+09:00",
    "x": 87.377,
    "y": 45.281,
    "ms": 29.979,
    "type": "BASE"
  },
  {
    "time_kst": "2026-01-30 10:31:41.660+09:00",
    "x": 63.213,
    "y": 59.831,
    "ms": 28.663,
    "type": "BASE"
  },
  {
    "time_kst": "2026-01-30 10:31:49.657+09:00",
    "x": 63.138,
    "y": 59.869,
    "ms": 29.231,
    "type": "BASE"
  },
  {
    "time_kst": "2026-01-30 10:31:55.693+09:00",
    "x": 63.144,
    "y": 59.796,
    "ms": 28.562,
    "type": "BASE"
  },
  {
    "time_kst": "2026-01-30 10:32:19.665+09:00",
    "x": 59.659,
    "y": 59.425,
    "ms": 28.201,
    "type": "TOP"
  },
  {
    "time_kst": "2026-01-30 10:32:33.646+09:00",
    "x": 59.586,
    "y": 59.370,
    "ms": 31.150,
    "type": "TOP"
  },
  {
    "time_kst": "2026-01-30 10:32:57.646+09:00",
    "x": 59.674,
    "y": 59.143,
    "ms": 28.662,
    "type": "TOP"
  },
  {
    "time_kst": "2026-01-30 10:33:11.652+09:00",
    "x": 59.709,
    "y": 59.184,
    "ms": 34.319,
    "type": "TOP"
  },
  {
    "time_kst": "2026-01-30 10:33:35.644+09:00",
    "x": 86.802,
    "y": 37.355,
    "ms": 41.072,
    "type": "BASE"
  },
  {
    "time_kst": "2026-01-30 10:33:42.644+09:00",
    "x": 86.677,
    "y": 37.319,
    "ms": 31.053,
    "type": "BASE"
  },
  {
    "time_kst": "2026-01-30 10:33:49.636+09:00",
    "x": 86.759,
    "y": 37.443,
    "ms": 29.005,
    "type": "BASE"
  },
  {
    "time_kst": "2026-01-30 10:33:54.622+09:00",
    "x": 86.663,
    "y": 37.293,
    "ms": 28.429,
    "type": "BASE"
  },
  {
    "time_kst": "2026-01-30 10:34:13.639+09:00",
    "x": 86.625,
    "y": 37.383,
    "ms": 28.204,
    "type": "BASE"
  },
  {
    "time_kst": "2026-01-30 10:34:30.575+09:00",
    "x": 47.712,
    "y": 31.952,
    "ms": 31.422,
    "type": "defect"
  },
  {
    "time_kst": "2026-01-30 10:34:51.580+09:00",
    "x": 60.210,
    "y": 58.769,
    "ms": 28.828,
    "type": "TOP"
  },
  {
    "time_kst": "2026-01-30 10:34:58.556+09:00",
    "x": 127.052,
    "y": 71.669,
    "ms": 28.673,
    "type": "BASE"
  },
  {
    "time_kst": "2026-01-30 10:35:05.568+09:00",
    "x": 87.222,
    "y": 38.801,
    "ms": 28.196,
    "type": "BASE"
  },
  {
    "time_kst": "2026-01-30 10:35:34.747+09:00",
    "x": 136.874,
    "y": 71.891,
    "ms": 28.511,
    "type": "BASE"
  },
  {
    "time_kst": "2026-01-30 10:35:43.550+09:00",
    "x": 60.044,
    "y": 59.512,
    "ms": 29.362,
    "type": "TOP"
  },
  {
    "time_kst": "2026-01-30 10:35:48.554+09:00",
    "x": 59.796,
    "y": 59.534,
    "ms": 31.998,
    "type": "TOP"
  },
  {
    "time_kst": "2026-01-30 10:35:56.561+09:00",
    "x": 59.948,
    "y": 59.566,
    "ms": 31.795,
    "type": "TOP"
  },
  {
    "time_kst": "2026-01-30 10:36:06.543+09:00",
    "x": 59.981,
    "y": 59.482,
    "ms": 28.080,
    "type": "TOP"
  },
  {
    "time_kst": "2026-01-30 10:36:14.580+09:00",
    "x": 59.990,
    "y": 59.648,
    "ms": 29.517,
    "type": "TOP"
  },
  {
    "time_kst": "2026-01-30 10:36:20.583+09:00",
    "x": 59.954,
    "y": 59.451,
    "ms": 28.168,
    "type": "TOP"
  },
  {
    "time_kst": "2026-01-30 10:36:26.559+09:00",
    "x": 59.954,
    "y": 59.374,
    "ms": 30.836,
    "type": "TOP"
  },
  {
    "time_kst": "2026-01-30 10:36:34.548+09:00",
    "x": 59.849,
    "y": 59.534,
    "ms": 30.413,
    "type": "TOP"
  },
  {
    "time_kst": "2026-01-30 10:36:44.550+09:00",
    "x": 59.849,
    "y": 59.482,
    "ms": 27.611,
    "type": "TOP"
  },
  {
    "time_kst": "2026-01-30 10:36:52.573+09:00",
    "x": 59.849,
    "y": 59.587,
    "ms": 28.513,
    "type": "TOP"
  },
  {
    "time_kst": "2026-01-30 10:36:58.559+09:00",
    "x": 60.020,
    "y": 59.482,
    "ms": 28.047,
    "type": "TOP"
  },
  {
    "time_kst": "2026-01-30 10:37:04.575+09:00",
    "x": 59.975,
    "y": 59.401,
    "ms": 30.478,
    "type": "TOP"
  },
  {
    "time_kst": "2026-01-30 10:37:12.535+09:00",
    "x": 59.893,
    "y": 59.445,
    "ms": 29.457,
    "type": "TOP"
  },
  {
    "time_kst": "2026-01-30 10:37:22.569+09:00",
    "x": 59.849,
    "y": 59.587,
    "ms": 49.946,
    "type": "TOP"
  },
  {
    "time_kst": "2026-01-30 10:37:30.527+09:00",
    "x": 59.849,
    "y": 59.534,
    "ms": 31.875,
    "type": "TOP"
  },
  {
    "time_kst": "2026-01-30 10:37:36.532+09:00",
    "x": 59.849,
    "y": 59.482,
    "ms": 33.722,
    "type": "TOP"
  },
  {
    "time_kst": "2026-01-30 10:38:00.737+09:00",
    "x": 59.849,
    "y": 59.482,
    "ms": 30.451,
    "type": "TOP"
  },
  {
    "time_kst": "2026-01-30 10:38:08.731+09:00",
    "x": 59.954,
    "y": 59.428,
    "ms": 33.896,
    "type": "TOP"
  },
  {
    "time_kst": "2026-01-30 10:38:14.744+09:00",
    "x": 59.954,
    "y": 59.320,
    "ms": 38.132,
    "type": "TOP"
  },
  {
    "time_kst": "2026-01-30 10:38:39.727+09:00",
    "x": 59.961,
    "y": 59.309,
    "ms": 33.735,
    "type": "TOP"
  },
  {
    "time_kst": "2026-01-30 10:38:45.733+09:00",
    "x": 59.849,
    "y": 59.534,
    "ms": 35.867,
    "type": "TOP"
  },
  {
    "time_kst": "2026-01-30 10:38:52.521+09:00",
    "x": 59.999,
    "y": 59.427,
    "ms": 31.800,
    "type": "TOP"
  },
  {
    "time_kst": "2026-01-30 10:39:16.709+09:00",
    "x": 59.930,
    "y": 59.429,
    "ms": 31.125,
    "type": "TOP"
  },
  {
    "time_kst": "2026-01-30 10:39:23.771+09:00",
    "x": 59.981,
    "y": 59.343,
    "ms": 36.619,
    "type": "TOP"
  },
  {
    "time_kst": "2026-01-30 10:39:30.735+09:00",
    "x": 59.919,
    "y": 59.385,
    "ms": 34.578,
    "type": "TOP"
  },
  {
    "time_kst": "2026-01-30 10:39:35.772+09:00",
    "x": 59.849,
    "y": 59.587,
    "ms": 31.361,
    "type": "TOP"
  },
  {
    "time_kst": "2026-01-30 10:39:43.704+09:00",
    "x": 59.849,
    "y": 59.430,
    "ms": 32.030,
    "type": "TOP"
  },
  {
    "time_kst": "2026-01-30 10:39:54.720+09:00",
    "x": 59.849,
    "y": 59.482,
    "ms": 35.181,
    "type": "TOP"
  },
  {
    "time_kst": "2026-01-30 10:40:01.712+09:00",
    "x": 60.026,
    "y": 59.375,
    "ms": 31.147,
    "type": "TOP"
  },
  {
    "time_kst": "2026-01-30 10:40:08.769+09:00",
    "x": 59.969,
    "y": 59.406,
    "ms": 47.907,
    "type": "TOP"
  },
  {
    "time_kst": "2026-01-30 10:40:13.704+09:00",
    "x": 59.849,
    "y": 59.534,
    "ms": 29.652,
    "type": "TOP"
  },
  {
    "time_kst": "2026-01-30 10:40:44.717+09:00",
    "x": 118.523,
    "y": 60.017,
    "ms": 38.356,
    "type": "BASE"
  },
  {
    "time_kst": "2026-01-30 10:40:47.306+09:00",
    "x": 151.123,
    "y": 118.523,
    "ms": 31.381,
    "type": "BASE"
  },
  {
    "time_kst": "2026-01-30 10:41:10.721+09:00",
    "x": 59.810,
    "y": 59.728,
    "ms": 31.484,
    "type": "TOP"
  },
  {
    "time_kst": "2026-01-30 10:41:17.697+09:00",
    "x": 59.867,
    "y": 59.832,
    "ms": 30.701,
    "type": "TOP"
  },
  {
    "time_kst": "2026-01-30 10:41:24.778+09:00",
    "x": 59.780,
    "y": 59.718,
    "ms": 33.758,
    "type": "TOP"
  },
  {
    "time_kst": "2026-01-30 10:41:29.776+09:00",
    "x": 59.797,
    "y": 59.790,
    "ms": 29.939,
    "type": "TOP"
  },
  {
    "time_kst": "2026-01-30 10:41:37.707+09:00",
    "x": 59.822,
    "y": 59.597,
    "ms": 32.945,
    "type": "TOP"
  },
  {
    "time_kst": "2026-01-30 10:41:48.688+09:00",
    "x": 59.899,
    "y": 59.527,
    "ms": 31.770,
    "type": "TOP"
  },
  {
    "time_kst": "2026-01-30 10:41:55.713+09:00",
    "x": 59.857,
    "y": 59.722,
    "ms": 36.761,
    "type": "TOP"
  },
  {
    "time_kst": "2026-01-30 10:42:01.733+09:00",
    "x": 59.815,
    "y": 59.729,
    "ms": 29.886,
    "type": "TOP"
  },
  {
    "time_kst": "2026-01-30 10:42:07.713+09:00",
    "x": 59.838,
    "y": 59.791,
    "ms": 30.157,
    "type": "TOP"
  },
  {
    "time_kst": "2026-01-30 10:42:15.696+09:00",
    "x": 59.822,
    "y": 59.610,
    "ms": 31.150,
    "type": "TOP"
  },
  {
    "time_kst": "2026-01-30 10:42:25.687+09:00",
    "x": 59.941,
    "y": 59.860,
    "ms": 29.906,
    "type": "TOP"
  },
  {
    "time_kst": "2026-01-30 10:42:33.721+09:00",
    "x": 59.827,
    "y": 59.597,
    "ms": 31.093,
    "type": "TOP"
  },
  {
    "time_kst": "2026-01-30 10:42:39.720+09:00",
    "x": 59.805,
    "y": 59.736,
    "ms": 31.402,
    "type": "TOP"
  },
  {
    "time_kst": "2026-01-30 10:42:45.694+09:00",
    "x": 59.793,
    "y": 59.714,
    "ms": 30.877,
    "type": "TOP"
  },
  {
    "time_kst": "2026-01-30 10:42:53.703+09:00",
    "x": 59.895,
    "y": 59.714,
    "ms": 29.733,
    "type": "TOP"
  },
  {
    "time_kst": "2026-01-30 10:43:03.719+09:00",
    "x": 59.834,
    "y": 59.596,
    "ms": 34.194,
    "type": "TOP"
  },
  {
    "time_kst": "2026-01-30 10:43:11.733+09:00",
    "x": 59.862,
    "y": 59.593,
    "ms": 34.005,
    "type": "TOP"
  },
  {
    "time_kst": "2026-01-30 10:43:17.673+09:00",
    "x": 59.852,
    "y": 59.848,
    "ms": 34.371,
    "type": "TOP"
  },
  {
    "time_kst": "2026-01-30 10:43:23.684+09:00",
    "x": 59.894,
    "y": 59.730,
    "ms": 30.032,
    "type": "TOP"
  },
  {
    "time_kst": "2026-01-30 10:43:31.679+09:00",
    "x": 59.793,
    "y": 59.654,
    "ms": 30.306,
    "type": "TOP"
  },
  {
    "time_kst": "2026-01-30 10:43:41.673+09:00",
    "x": 59.819,
    "y": 59.586,
    "ms": 32.929,
    "type": "TOP"
  },
  {
    "time_kst": "2026-01-30 10:43:49.712+09:00",
    "x": 59.859,
    "y": 59.603,
    "ms": 29.961,
    "type": "TOP"
  },
  {
    "time_kst": "2026-01-30 10:43:55.683+09:00",
    "x": 59.914,
    "y": 59.816,
    "ms": 33.668,
    "type": "TOP"
  },
  {
    "time_kst": "2026-01-30 10:44:19.679+09:00",
    "x": 59.827,
    "y": 59.726,
    "ms": 29.174,
    "type": "TOP"
  },
  {
    "time_kst": "2026-01-30 10:44:26.674+09:00",
    "x": 59.856,
    "y": 59.729,
    "ms": 28.973,
    "type": "TOP"
  },
  {
    "time_kst": "2026-01-30 10:44:33.663+09:00",
    "x": 59.852,
    "y": 59.752,
    "ms": 35.771,
    "type": "TOP"
  },
  {
    "time_kst": "2026-01-30 10:44:57.665+09:00",
    "x": 59.853,
    "y": 59.579,
    "ms": 29.775,
    "type": "TOP"
  },
  {
    "time_kst": "2026-01-30 10:45:04.673+09:00",
    "x": 59.985,
    "y": 59.721,
    "ms": 31.313,
    "type": "TOP"
  },
  {
    "time_kst": "2026-01-30 10:45:11.666+09:00",
    "x": 59.835,
    "y": 59.583,
    "ms": 34.374,
    "type": "TOP"
  },
  {
    "time_kst": "2026-01-30 10:45:35.659+09:00",
    "x": 59.821,
    "y": 59.593,
    "ms": 31.767,
    "type": "TOP"
  },
  {
    "time_kst": "2026-01-30 10:45:42.701+09:00",
    "x": 59.901,
    "y": 59.652,
    "ms": 42.719,
    "type": "TOP"
  },
  {
    "time_kst": "2026-01-30 10:45:49.650+09:00",
    "x": 59.826,
    "y": 59.593,
    "ms": 36.358,
    "type": "TOP"
  }
]
